Height (inches),Weight(pounds),Age,Grip strength,Frailty,BMI
65.8,112,30,30,N,18.18534566
71.5,136,19,31,N,18.70174581
69.4,153,45,29,N,22.33201007
68.2,142,22,28,Y,21.46223373
67.8,144,29,24,Y,22.02208474
68.7,123,50,26,N,18.32090667
69.8,141,51,22,Y,20.34527631
70.1,136,23,20,Y,19.45620786
67.9,112,17,19,N,17.07787377
66.8,120,39,31,N,18.90530317